_id,name,desc,created_at,updated_at
4a7cdfaf-b436-46e2-a8a2-5dc4835d40b9,Software Engineer,Him matter fall.,2022-06-04T02:15:22,2023-07-07T17:06:31
1a52dd70-8466-4e47-8600-1677136f4fec,Data Scientist,Record data never raise feel.,2022-07-29T10:40:10,2021-12-10T11:39:08
e35f4200-b9f8-44c1-b417-09d833a343d9,DevOps Engineer,Republican almost hospital size sport.,2021-05-05T07:52:21,2024-08-18T07:32:57
c581ca4e-3b3e-47fe-b1c1-ac3dcaf75783,Frontend Developer,End measure town mention design at by.,2024-08-08T09:31:26,2021-10-09T05:53:29
196c18a9-4aef-4755-a3ee-4b6f418c71e3,Backend Developer,These federal box ok enter adult.,2023-02-20T05:58:51,2024-06-09T12:38:28
791867b5-ae38-44aa-b2b0-c258b4f25afb,Full Stack Developer,Chair these her out adult nature.,2024-10-03T05:54:11,2022-12-06T07:28:58
83f4c079-c440-4fa4-b5f5-a75d22347cc4,Data Analyst,Those will community fall today.,2020-05-16T23:17:05,2020-06-13T15:28:19
2ff032a8-e315-4073-afa5-9906c87db625,Cybersecurity Analyst,Pressure loss arrive.,2022-02-13T07:30:59,2022-10-21T01:24:23
d70499b1-0629-47f6-ad56-cd859093daf9,Machine Learning Engineer,Stop hotel hard business practice answer civil build.,2022-12-07T21:12:50,2021-03-21T23:01:40
ccb4b4f9-80cb-4f1b-9ae8-f16d9da11659,Cloud Engineer,Some born sound article sport face.,2020-07-10T14:24:40,2020-01-21T17:06:16
4e0c4606-0668-4356-bb17-e3b13140c28e,UX/UI Designer,Agent response heart product pattern.,2021-07-12T04:54:44,2024-02-02T16:52:10
7b9c2b3e-e21e-463b-83c5-04e5cc2e720d,Product Manager,Hope wish dinner range.,2021-01-06T11:27:27,2022-01-02T18:34:14
9cfc890c-5d4f-414a-9de6-6b411d75624a,Business Analyst,May land church president whether career.,2022-07-14T21:17:56,2020-02-17T06:06:32
73f8078d-03a9-46a9-a5cb-efabc4099cd3,Quality Assurance Engineer,Upon entire couple result.,2021-11-24T15:46:36,2022-07-08T04:12:18
663c1743-1dc9-4c1a-8200-701078aefaf8,Technical Writer,Central give too down cell feeling.,2020-10-08T18:37:49,2022-08-25T05:33:07
