id,name,desc,created_at,updated_at
5e696ef0-ff9b-4e9c-8ae6-bc55a756a166,structure,Bar season job dog music.,2023-08-02T08:32:41,2023-06-01T07:21:55
ac9906c5-8a14-455c-a412-8286365690f2,mother,Current health much heart teach prevent pay.,2020-12-04T06:40:41,2023-10-01T11:42:40
2656e2c6-edac-45eb-8648-b725aaa30813,example,Address whose through economy prepare now decade.,2021-11-05T13:23:06,2024-04-30T06:13:20
078e83c3-1d70-4ac2-a531-b55e88681397,source,Thus machine there pass sit become force.,2023-09-02T16:02:47,2024-01-22T04:31:34
50208016-02e3-44b4-9cba-f28b7face174,commercial,Structure interesting run within accept lawyer walk huge.,2023-02-05T09:30:38,2021-01-25T00:05:04
4ff59dcc-67bd-4b58-b558-d35cc9b0a92e,goal,Approach bag school media buy.,2023-01-24T08:01:33,2023-11-19T01:51:03
32191eb8-3dad-4f00-aec9-29805251d6ce,bar,Alone degree apply responsibility continue bar.,2024-02-28T18:24:43,2020-03-06T15:44:04
2eb723a0-38ab-4c79-b3e9-352250c7cf89,field,Authority forward bag you mind difficult.,2022-11-23T01:36:33,2024-06-06T16:24:18
cf473861-15cc-4e24-9d43-df81802768be,well,Small popular thought trouble space note pull bar.,2023-03-22T20:05:54,2021-02-12T13:55:24
4c4325eb-9011-4629-9e51-bf6158379e00,behind,Right authority race reason store memory.,2023-07-10T10:47:14,2021-07-28T02:30:01
4553564f-8608-49b1-8cbe-b45a3f7aee77,value,Street without specific gun wrong bag.,2024-07-28T11:32:51,2024-07-13T13:45:36
e839a175-3dfa-422c-83e9-a10ec164d767,cost,Station adult now stay.,2024-03-06T04:30:00,2022-02-24T02:30:51
853febab-63f8-447f-9e3e-f03b7f5cbedc,speech,Page allow reason blood.,2024-07-23T11:12:07,2020-07-04T22:12:58
e6e414fe-0903-4326-9c42-f90d5ff595da,color,Without price authority government yet.,2024-09-06T19:41:36,2020-01-28T17:48:21
b251f594-1487-4cfc-857d-8f22c0b7e505,skill,Push fish author industry church.,2020-02-25T10:37:58,2024-07-16T04:51:56
2c40bcac-9651-419a-8a05-69ec57f71624,late,Surface gun become affect.,2022-08-31T05:45:32,2022-04-01T02:19:47
8976083d-15af-4aa2-8ade-987613bbcc01,manage,Card outside different would.,2020-11-11T00:56:58,2020-12-17T13:11:13
5a770087-7b17-468d-8e96-72205619fc65,street,Analysis behind old notice difference indeed lose stand.,2024-04-23T09:36:37,2023-05-24T14:52:58
9e62a4d2-8837-49f4-8b7a-0d324b4fc758,option,Film season establish serious.,2021-03-13T14:31:24,2023-02-21T04:13:15
137f51ea-0f52-406a-b44a-6f5bca071aea,realize,Save something man why.,2023-01-08T10:20:01,2022-08-03T14:27:09
