_id,name,created_at,updated_at,desc
30430818-18b2-4540-81a7-f070c48da23b,remember,2024-08-26T07:14:45,2024-04-14T05:50:41,Because expert treat candidate even often.
bd8fc54d-bead-454c-9558-d5a4cfdaa8c6,member,2024-08-18T22:02:21,2023-05-11T02:06:51,Question scene Republican group.
bab18c66-d310-4794-9e9b-4163b660f9b6,sound,2022-04-28T18:11:09,2024-02-10T15:05:14,Help better see.
f85dd279-c4c9-441c-945d-6898be3ba56f,person,2021-01-16T05:27:16,2022-06-19T22:08:24,Father important civil follow.
545caf62-8a61-4204-b8b8-e79daadf88f4,tax,2022-03-08T00:09:56,2021-03-24T17:25:12,Would mention risk hot figure.
4cf6b019-a296-429e-84ac-c41bd9687005,decade,2022-05-25T18:41:14,2020-05-24T17:09:04,Loss character start by.
74203d0b-2df4-44d9-91be-d93ce02c96b6,reach,2021-07-31T15:09:02,2023-03-22T14:38:29,Fact town national member get particular family financial.
168d9171-860a-4fcc-b15a-3aabb579477f,player,2021-09-29T00:23:07,2021-06-06T19:23:23,Purpose star how.
4bedf283-776d-4b87-a2ef-0d25be76e5dc,media,2022-01-10T13:40:40,2024-09-05T02:59:50,Admit likely prove tree thing.
0630e71b-fa1e-425a-8786-55a3dc405352,pull,2022-03-11T09:52:36,2021-01-29T06:47:40,Subject create outside trouble news job deep.
e1050eaa-fc8a-4571-be30-c1482b8f9eec,yeah,2022-04-15T13:45:00,2023-09-14T11:46:24,Smile executive specific national product financial.
09400a77-5d9a-4d77-841f-efb98634f7b8,reduce,2024-03-31T00:51:14,2022-12-18T11:26:17,Five task structure forward raise begin marriage enjoy.
c4f130d5-6a9e-496b-942c-ff4cd263eafc,side,2022-03-12T04:05:44,2022-06-21T22:06:14,Trip radio whom policy sit begin answer.
cbc8315c-e546-4006-8b55-b19303a8eab9,leave,2022-09-30T07:00:13,2021-02-05T04:16:09,Consumer age after paper choose name student.
591c9d9c-2e82-4889-86af-ad1bc528e058,film,2020-08-07T03:47:22,2021-04-20T16:58:55,Top anyone state agreement.
12441689-3f31-4c80-9a6f-79d7d1b78e86,good,2023-04-09T21:26:01,2022-02-07T06:49:21,Civil instead dream woman learn sea paper.
e34476a4-9d9c-4bda-9b13-589219ed63cb,model,2022-10-27T13:44:03,2020-05-24T03:19:52,Force employee whole you effort else.
e36ab364-4240-4c4d-93a3-f9a25f23b430,each,2023-02-24T21:03:39,2022-06-06T06:37:34,Stand all do newspaper.
cd1c7297-54be-464e-90b4-2eaf5f7225b3,put,2024-05-13T11:32:43,2022-05-19T19:33:11,Know throw south.
412d3e32-297d-48be-b9f9-61dc358503f0,laugh,2024-09-01T09:13:03,2022-03-25T18:27:41,Box decide high significant.
6ff2c24e-92bb-4a49-8540-9df8d8bf1862,green,2021-06-17T02:32:06,2022-01-14T02:49:52,Peace leg health heavy much trade.
ce6a1d02-5baa-43cd-a6d1-d570052ad2ba,south,2021-05-20T17:34:45,2022-06-16T13:36:59,Growth end ahead sort.
cd5b723e-68d4-4feb-b288-e1b54b1812b6,future,2024-09-15T19:34:00,2023-06-24T00:35:59,Write per hit so indicate common.
8ad3c2a6-b22d-443b-b5b0-43c3b237e7c3,threat,2022-08-12T23:32:30,2022-06-06T16:35:38,Mouth million prove rise others indeed answer show.
40457833-db9e-4d74-b703-db171a4c0ddc,poor,2020-11-23T19:09:10,2024-04-29T04:37:22,Rate important knowledge conference mind together ago project.
b8977ea5-5902-4eab-806a-37ea5cec55d4,both,2023-07-09T21:26:06,2021-05-05T03:37:22,Order agent never pressure child.
c0d33a5c-f8ce-4aa6-852c-78e2596c2f11,step,2023-12-27T11:55:41,2021-07-31T19:12:30,Quickly forget provide return live require talk.
f75d4775-2b64-4f2a-bba2-5ed9f1e6a3d9,realize,2021-02-23T12:51:45,2023-07-31T12:42:34,Arm break describe star statement but she.
2d9718ba-0bf6-48b6-9e15-058eca1d317f,people,2024-08-10T10:18:10,2023-06-21T21:47:16,Exactly himself whom better executive.
0d96c861-af89-4688-8527-d767d9f7aa56,better,2021-06-13T14:05:47,2020-02-14T15:26:43,Beautiful far similar hundred name certain stock.
8fa7cf10-262e-4b79-bccb-7c70ac34b64f,seat,2024-09-08T20:23:03,2022-09-02T09:29:59,Everybody bad husband light.
58b85b28-6366-456b-9080-4078505c5961,night,2022-03-28T11:43:07,2023-05-15T18:13:52,Policy management whatever wear quality money.
93a06f45-97d4-4363-9fb0-20a370ec8b7d,fine,2022-06-26T06:52:08,2023-07-13T05:15:39,Scene less brother place structure purpose no behind.
6faa45a5-2278-45a7-893a-febadbe8669b,which,2023-04-16T19:57:24,2022-07-15T08:19:38,Conference story result future under.
997e0329-5f53-4744-8cd9-9fef688b4d69,around,2020-09-05T05:58:13,2022-04-08T11:23:36,Reason small let two at describe my.
15173f2c-d2b5-4101-980d-9ceb70cdfa2a,authority,2021-05-16T03:49:47,2020-10-25T08:07:55,Reason forward itself voice home.
35a79f40-78e7-4d3f-aa74-df7d86b53b4c,outside,2020-09-24T13:20:16,2022-12-20T14:25:20,Marriage tend need small later.
40c47c83-f3d1-4f65-9f0c-8f13f4219e53,him,2023-07-21T14:00:24,2021-10-01T10:00:51,Truth argue stand provide floor thus.
1ab53f8b-5585-4f07-a3df-8962fdf9f3ab,serious,2024-01-24T07:56:27,2023-11-08T17:29:49,Knowledge public story trial story together.
657e20d8-daa9-412a-8722-097e3d77fcf4,community,2021-08-04T13:00:21,2022-02-14T09:23:46,Claim brother majority.
aed9332a-00fe-4461-9209-79c04c0f8c3f,very,2024-09-05T06:24:20,2020-11-09T12:50:17,Example card start.
f87e80ad-e51c-436b-ab1b-45810f20ef59,time,2020-11-13T23:11:18,2021-03-11T14:05:49,Continue brother unit somebody news.
4bff0287-3d56-4c79-9848-3a6ee6f0a173,seven,2023-06-16T15:05:21,2024-08-12T16:05:56,Together care huge north on.
cfe7fd1e-5295-459d-a161-efc923f5f94c,care,2022-06-21T03:36:40,2021-01-07T09:23:12,Table center travel wide.
d5e50e6a-17d2-4276-8ffe-668a0187d5d5,often,2023-01-29T09:15:44,2020-09-12T02:13:32,Control level message wrong coach our.
f2b1dc34-edf5-4bc0-a843-530bf863fb01,middle,2024-08-10T22:14:34,2020-09-21T15:31:25,Itself space carry through wrong road hundred authority.
03356137-e141-4ffa-88d6-0d45e2668327,natural,2023-12-30T05:29:10,2023-03-07T17:36:01,College station detail easy standard.
178da285-0137-437d-84d6-00f1c74a3f2f,police,2020-04-08T04:07:34,2023-02-03T20:53:43,Seven under pull.
178405d5-5bee-4915-8ea5-39762f798f58,stand,2022-07-07T20:48:34,2024-09-27T04:09:48,Else station degree one third.
7fda5a96-2ffb-4735-8fb9-06f4a03f4c4b,respond,2021-02-17T15:55:01,2024-07-18T05:47:46,Analysis church mean sea friend window.
f38c0c90-c719-484c-bde1-05fe48181b3c,save,2020-08-24T20:38:15,2024-06-04T10:16:56,Up I hundred leave for mean.
8ffe17e9-d0af-4028-b42c-0f39b30d99fd,picture,2021-11-22T16:06:49,2023-12-25T08:33:26,Human Mr turn treat late.
4ab6af4f-6303-49fe-9c57-c10d8710231a,mother,2020-11-06T06:16:18,2022-09-07T11:46:47,Lose themselves reveal conference feeling current note.
d78a2c7c-68b0-4820-9d28-f7a61e18168f,direction,2022-03-07T18:02:24,2021-07-16T03:32:00,Agreement training area raise she amount it.
b785693d-dc2f-45db-9261-002c1a66a991,hot,2021-12-26T02:26:34,2022-09-06T01:28:18,Color oil speak article glass everything simple son.
9cb0c4ac-61ed-4849-8d65-720943ad8dab,structure,2022-11-10T12:24:26,2021-10-27T02:16:15,So power answer return box.
68671ac1-b1ce-49cd-80aa-ece993eaf090,before,2024-05-31T19:45:36,2023-06-01T18:00:33,Quickly free yeah.
ee6d148e-5f29-4115-a1c3-ab138bb09fbd,per,2022-10-05T19:08:28,2023-07-27T09:11:53,Hundred cultural social.
bc5cceac-592b-4a65-896b-6471e7c56eab,late,2021-04-21T22:42:47,2020-07-06T11:47:36,War his garden up scene agency indeed stay.
5839cca0-72d9-4e28-829d-e6b139373657,somebody,2024-02-29T19:41:42,2022-09-11T17:35:37,Evidence item look partner section president science.
4a449d43-62d2-43b3-9fe9-1ab457b87062,heart,2021-06-19T18:51:43,2021-04-19T00:07:17,West use society different crime part.
7dc8bce4-1cb9-4059-8126-1b5068fba9d5,prove,2020-10-31T01:37:57,2023-02-10T03:27:20,This news certainly.
d10221f6-3724-48c3-a149-90ac264731f5,dream,2024-05-11T16:30:54,2023-12-26T09:39:23,Student important teacher article brother whether yard over.
4f131c4e-d7dc-41ee-9589-a7cfe87f508b,others,2024-04-22T15:01:33,2020-02-25T08:10:59,You large charge image cup.
c6eddea0-5618-4e83-b12f-c886fe11022e,newspaper,2021-02-23T01:26:22,2021-10-01T07:17:16,We everybody let perform form.
9ac7e1f6-9bdd-48ea-8f09-99423afa6dbc,would,2024-02-13T11:45:58,2024-05-28T14:01:21,Into either high money change old.
5aff5f0e-73f7-4ea9-82ac-a69daa7138a1,whom,2023-09-04T23:16:27,2022-09-21T01:12:54,Statement peace then bad check.
d2becb88-b4db-4352-8049-bf8e1da4ca03,decision,2022-02-04T06:12:21,2020-10-18T11:50:23,Line health exactly card nothing lawyer.
b0dc3acd-173e-4215-b4cb-c7dffd1125cd,economic,2022-11-02T20:55:08,2024-09-30T00:01:59,Standard heart help mission movement pressure rich.
1deb2336-b257-4c52-9c8c-908cf65776e0,back,2020-03-13T01:17:25,2023-07-29T20:43:46,Reason movie and among base.
d7490613-3cfd-47b6-8ae9-80a5b1c62a0d,line,2022-04-15T16:58:53,2024-05-25T20:44:47,Cut force may.
3ba6a424-e539-47d4-838e-d848aff6e798,over,2023-02-11T12:19:41,2021-11-21T07:20:46,Training political school nation truth situation.
0b86fd2c-f687-47da-ba0d-63a68b6b9351,support,2020-06-17T18:28:34,2024-05-31T23:37:39,Consider Congress country.
51e295f5-da61-4753-8b4b-ef625efc37d7,long,2022-05-20T07:18:10,2021-09-29T18:46:57,Natural apply whole data it ability early.
808dbec0-9fb0-4469-a8dd-bd27c4083195,fill,2023-06-25T13:20:13,2024-02-07T23:22:00,Peace green expect compare director operation partner.
dcd2a339-d986-4436-9881-7594edeb968b,the,2022-12-03T13:02:09,2020-08-28T08:54:20,Information mean maybe structure choose fine.
8ef774e9-5d5d-41ad-8b92-5a338496a5e1,college,2022-07-23T14:06:02,2022-01-27T14:38:06,Behavior rock look cut partner.
14c01db3-8777-47fb-a4d3-5de14e01119b,even,2021-02-28T21:02:22,2021-03-05T09:15:31,Democrat city art.
f763c6b4-b22e-46b1-83be-56d90909b1d4,reach,2020-12-10T23:56:08,2022-09-12T09:40:23,Doctor how prevent machine west action.
1371fda6-18b8-4ccf-af83-5d23240f51a0,green,2022-12-17T04:30:36,2024-06-03T20:04:40,Country father real wish.
ab030d77-b2ac-4230-82c4-99896ab6684e,wind,2022-01-31T01:46:57,2024-03-27T06:41:29,Put citizen morning she whom wind test.
23074b7d-5cb0-46cf-8c88-ebdee68fcb2e,determine,2023-10-19T19:58:19,2024-03-27T06:34:14,Something marriage baby avoid adult woman rather.
a9f06107-c5d0-413f-a149-3ab2ab8ed85b,feeling,2023-07-17T03:01:38,2023-06-08T15:52:00,Very view interesting friend.
8f23b1e5-ad54-41b4-8cd7-26c25e7975f2,seat,2022-06-01T23:05:00,2020-08-13T17:40:07,City left gas notice.
11f8c844-d427-4831-ac30-f09a372d53a6,phone,2021-05-06T22:58:12,2023-02-08T18:29:25,Bar again window media require official body.
65161c14-fc3e-413a-8238-ad8a892f64b4,stop,2020-12-18T17:48:29,2022-01-18T17:04:56,Account trial experience realize often case region.
1dc51cc5-b40f-4b68-9833-b3d6bdf98660,station,2021-04-12T01:56:42,2021-09-13T20:51:27,Box both lead seem.
47e98da4-e6a1-48b0-ae8d-6e49cc0b1e7c,why,2024-07-06T06:15:02,2022-08-19T03:33:48,Light form though authority often seat onto.
b33e9b2c-4976-4c19-892d-bc297d81be5a,today,2020-02-09T05:06:58,2023-11-23T07:54:35,This employee tell ten outside program evening.
bc1d8449-dcc3-4f13-9223-9298e2d8d8e5,question,2022-02-16T04:56:34,2023-02-14T18:56:53,Natural partner simple guess beyond challenge.
a3506ba5-b05f-4771-87f7-232d3365342f,shake,2020-05-08T14:23:14,2022-03-10T03:23:03,Current sure event point billion music.
30b022a7-7c35-46ef-8714-aaf5ddfc63ef,parent,2020-10-10T22:55:13,2022-08-25T15:26:04,Call theory seven health since set type.
70fee6fb-bb0c-453c-84f4-d01ac4e24627,yeah,2020-10-15T05:21:26,2024-07-01T04:34:13,Person enough health break.
4555dba6-381f-4a90-bd6d-a010f274535a,child,2023-11-04T23:57:51,2022-09-08T18:12:48,Hotel maybe different use concern.
149d8cb7-dbab-497e-95b4-1cd2ee6b00db,cover,2020-05-28T10:25:14,2021-04-14T10:55:30,Under wind social start.
184256a7-e3d9-4554-b174-17d202397bfd,money,2022-11-21T07:30:00,2022-11-22T13:17:28,Lose dark hold stay.
3a9f5882-cb6a-4ab5-80fc-ea10cee1e682,move,2023-03-14T16:50:04,2024-01-16T08:58:22,Give north build impact can.
7f01f392-2583-40d9-be2a-d166105f3cdf,successful,2024-04-17T21:35:20,2022-03-12T00:57:37,Future newspaper thought of break.
02e0345b-5dc3-4476-aaa2-ed4128902421,seven,2020-08-11T07:39:04,2022-10-03T07:41:22,Move pick Mrs boy today sometimes table.
218361bb-9d67-439a-af87-0f803c3df615,almost,2023-03-11T12:23:48,2022-08-24T21:39:58,Wish source record couple.
