id,name,created_at,updated_at,desc
096eddde-5ab1-43d6-a993-02becd089f3f,city,2020-03-06T20:27:54,2024-03-06T17:22:55,Health group little light.
df3220a3-f13e-4588-a112-5f2a7be6ca99,again,2023-06-15T11:30:11,2023-04-16T18:51:11,Half second anyone likely.
eece8093-8178-4234-bf92-51fa6e25db53,serve,2023-07-10T00:39:49,2024-05-09T03:20:26,Prove look trade.
65fb2f8a-8c7f-40df-9699-f7a5808a5b6d,majority,2023-10-12T11:04:37,2021-10-25T22:23:11,Should physical total upon area finally consider.
bb173388-39b3-4b66-a046-f2f483e19e4f,camera,2023-01-09T11:24:36,2020-04-18T15:17:58,Push strong thank role.
63423130-bc08-4a7a-af9c-7e74fe365574,word,2020-11-03T01:32:48,2020-04-17T06:18:09,Black keep wait table view right learn.
dcccb6be-b113-4578-aeb9-af974ce95742,growth,2023-03-24T08:20:27,2023-09-03T20:44:43,Day ahead receive wall.
22bb7230-7dba-430f-9bf7-887e35fb68dc,floor,2021-11-21T16:34:13,2022-01-21T04:53:26,Foot tree television perform.
5997466b-b029-42de-833f-2ecae6b4722a,appear,2022-01-07T05:37:09,2021-10-28T21:24:13,Card job activity manage someone firm write.
5b356326-5fb3-42b2-b607-d3d6690f24e9,security,2021-10-17T01:20:55,2021-09-02T06:41:48,Operation article several store option involve.
d1c6de62-a80d-496e-9e13-fab574b84018,improve,2023-04-19T10:55:36,2021-06-15T06:47:39,Price structure often use pressure hand rule.
5f3aebd5-8206-4e06-a22e-84c11e4e3f8b,building,2023-06-05T11:42:35,2022-05-19T23:25:54,Loss interest player half market threat floor.
ed0d0725-25a7-4580-a847-c2b662857100,know,2022-01-08T03:50:14,2023-08-13T17:34:29,Fear food establish third remember glass.
8bca1dd8-ac55-4e6f-bd7d-ba19fe5dbf1c,address,2023-02-02T11:39:28,2022-07-13T18:11:22,Course appear year eight either.
6203c801-d668-4c19-b398-60be198c8148,suffer,2022-11-27T02:55:59,2022-09-14T23:55:30,Act possible support student teacher.
47651bc6-53d3-4642-8d5d-2a8e6ea74deb,learn,2021-06-18T23:49:27,2023-05-09T06:22:24,Stop book protect.
b8133d09-53c6-485b-bb41-83ab71cac207,wear,2022-11-11T02:47:38,2023-07-01T05:19:39,Especially left option service.
db3f015d-8d65-497b-9ae4-3bf9200f3145,many,2024-04-08T21:46:39,2020-02-07T23:39:02,Admit physical north news drive religious.
c03d116a-561f-465b-83b6-c7b56b585081,might,2021-08-04T14:26:36,2023-08-06T18:12:44,Nothing dark talk teach institution room available rich.
aee5bc0f-1c86-4361-9138-330785833e09,cause,2023-09-18T03:13:17,2023-02-01T19:27:14,College specific local man chair culture.
927d2b4e-0db9-4580-8c6b-b0c77e91a6b1,Republican,2021-06-13T22:24:49,2021-07-24T13:52:00,Month question somebody everything.
30a16460-bcf0-4241-a392-1129bec5019a,now,2021-05-23T22:29:35,2024-02-27T05:36:04,Plant majority top move himself final address.
2d878438-5907-44b5-9b52-6c824ff46659,opportunity,2020-12-22T16:10:39,2024-02-10T15:57:07,Special explain your check second animal.
b67e5aab-2621-49d1-99e2-aa025e1ab99f,executive,2022-05-22T16:57:50,2023-03-03T13:00:09,Without mention impact according real fire about.
067b23ee-8b0c-4b09-9e5b-e2d6e4a65004,federal,2021-10-22T20:09:09,2024-01-15T10:58:01,Language page serious decision fly family adult.
feaae467-556a-4ef6-8f94-81ac8847c300,human,2024-01-26T21:35:03,2020-12-26T12:58:48,News recently reduce officer.
2d49bb58-d546-4900-b538-91593719f265,pick,2021-01-22T22:22:02,2024-06-06T18:29:55,Remember specific quickly scene.
049a87b7-29f2-4a14-a1f4-c1f627271740,big,2024-04-27T03:49:38,2020-07-16T01:43:47,Tend apply nature movement ball drug building.
56398748-2fcc-493f-b3ae-2443a13d5ffd,soldier,2024-05-12T17:28:02,2020-03-17T23:21:44,Street be success something discuss follow score.
6170c72a-b024-43a9-9a5a-4c812ac8a9fc,these,2023-03-07T09:10:52,2024-09-01T08:25:16,Officer summer first painting social remember none night.
acffc152-3549-4a53-aa13-4ed4e6d3b48d,task,2022-04-25T07:23:30,2022-03-05T17:44:44,Blood building identify try.
bc0700ff-bf0b-40ab-8d4c-6826035cd551,show,2023-12-21T01:15:35,2020-12-15T09:04:46,Participant away fact ahead degree realize.
c629f52b-97a7-435a-ab10-36bf2f9f5e25,staff,2020-08-11T17:24:05,2024-09-11T03:32:08,Computer cost risk employee involve.
f8fbc666-10d3-4c47-a0c1-93921b2ab703,weight,2022-08-01T19:10:08,2021-08-20T15:28:47,Whom appear system.
e88d38a1-7b99-45d1-8d63-7c0ee3ab1c61,reduce,2021-10-31T07:20:18,2020-04-20T05:46:21,Base know star.
ca67ba27-2d07-43e8-8767-abeaa10c3c0d,tough,2021-01-22T03:43:28,2020-10-31T01:50:03,Certain employee night body.
a657df05-5d9d-443a-ada7-a0262a37cefa,exist,2020-02-16T05:05:09,2022-02-03T21:58:50,Policy structure lose bag among game garden.
5a298ecf-f273-4aed-9eaa-7edaa2900f76,mission,2024-05-28T16:04:59,2021-01-06T19:31:31,Prepare rate those Mrs.
82261ea8-b833-4c4b-ab1e-fff3865a4f14,garden,2020-04-17T09:42:32,2022-05-28T02:25:13,Program how someone meeting.
a715e00a-618f-4ab5-a0e4-30384ef848d3,offer,2022-10-24T18:02:54,2022-10-15T10:03:29,Plan owner investment toward themselves.
a095c357-7726-49ce-b2ab-e1f98fdfda94,democratic,2023-07-03T04:30:29,2023-08-07T18:40:23,Itself both true actually writer.
edc6b252-8681-4773-bec8-bf7b152bd2a7,true,2020-10-27T12:31:57,2021-08-10T09:48:36,Civil mind one tax young remain ever.
05b80e7d-4721-40d8-b7b9-d77c8ff46e74,sign,2023-04-27T23:21:12,2024-01-22T02:33:41,Use nature center energy lawyer.
480119cf-741b-4053-8baa-5b280038aeaf,education,2022-11-17T10:58:54,2021-11-14T00:35:32,Thing dinner cause series.
9642d567-a91c-4bf6-8180-30a4aeb9777b,right,2023-07-08T08:34:30,2021-10-16T01:08:13,Baby popular figure soon push green while perhaps.
1a2c0072-2464-48ce-addf-40e1f19755b7,police,2023-04-21T08:17:04,2024-02-23T21:04:13,Life present decade herself.
d65fc84c-f7eb-4316-8f21-6624c1251d62,key,2024-06-01T13:20:27,2022-07-27T10:44:51,Behavior point yeah administration.
1cdc6763-5b32-41a2-b902-f9c060f0205e,design,2023-03-11T17:20:10,2021-01-04T21:17:11,Camera alone economy avoid group.
06e4942d-6dcb-438d-baec-7a2d99c0a66d,minute,2024-01-02T09:46:14,2022-04-05T14:41:02,Stock break place far ten tough.
1c7fb394-bc8e-4a55-bb0a-8c996aa016c0,through,2023-05-23T08:31:11,2020-07-06T16:02:47,Score close because man significant public.
6b14695c-6089-4cd8-9b16-dbdcce8dac49,subject,2020-10-01T05:26:45,2020-11-22T04:35:53,Gun activity design particularly.
86b5dcdd-0ccc-48d7-a9d4-5f3d3f612bb5,away,2022-10-03T18:59:16,2024-05-01T15:00:38,Goal else himself.
58a761de-0b01-4a61-86f7-60710945cfa9,hospital,2023-06-16T05:37:29,2021-09-20T15:28:58,Huge check condition your.
05b3f932-ea4f-4a4d-bcff-778a6bee5812,lose,2024-08-12T08:49:28,2022-06-28T05:11:12,Wear machine word first nor learn capital.
d8f17190-793f-47bd-9f6b-6ceb840acefd,your,2023-09-20T16:33:16,2021-03-05T11:12:29,Include gun response safe partner for explain.
b6708357-94bf-4729-86ff-57b524964e95,husband,2020-07-30T04:03:44,2024-06-23T01:06:06,Worry pass building three serve.
696fd15b-54f7-41fe-a2af-d5e2825f168e,too,2021-01-27T21:00:07,2021-06-20T22:31:03,Worry next born.
0dcaa6c6-4b84-47c2-958d-de028981444b,man,2024-07-16T14:18:12,2022-12-29T10:24:22,Power win win despite heart chance.
fa40c955-9a29-4efc-b900-d3c6ca37ac89,movement,2022-09-21T05:12:08,2024-02-16T16:08:50,Necessary rule modern down.
1fcb7e91-34b2-4b6f-9efa-27234c4bfd1c,walk,2020-01-18T04:44:47,2021-01-21T08:04:04,Citizen sell argue provide.
930130a3-baa5-4d83-9867-0b4c5afc3b30,each,2021-04-21T20:59:18,2020-12-01T08:20:09,By debate bill blue.
5b3e6267-8278-4add-8006-2d4bbe1b27f6,economic,2024-04-30T06:55:29,2022-05-19T11:45:42,Six only responsibility serve.
69258e00-0b99-47a0-8e6d-c84015475057,list,2020-12-17T04:34:05,2020-11-10T17:04:54,Think something family president indeed middle let magazine.
ea2df185-481d-4130-9690-c074dbfded09,though,2022-08-10T09:18:48,2021-07-09T23:40:49,Design most life citizen but friend.
b0544d15-0a84-416f-95c5-9c43936aee58,couple,2024-10-08T12:45:19,2022-06-10T05:08:36,Charge drug language our base issue.
8966b40b-9747-4675-b00d-efc7a945a73d,different,2023-02-14T23:48:19,2022-11-26T03:53:47,Food partner new.
c3d32a4e-c534-44d1-9ff8-709c2f5f8382,small,2021-05-07T04:20:12,2020-04-07T19:08:49,Station write finally summer whole hit speech.
cd39f181-856d-44e7-813d-d02c5c7bbf1f,recent,2021-02-28T13:20:30,2020-02-29T05:48:26,Theory source hope night star sort.
15499c02-3804-42e4-a157-48cc4488d1fb,several,2021-01-31T13:45:02,2020-07-09T19:23:17,Admit we give because also water debate.
573a6ce4-0da8-4510-9af6-f1378a4b67f6,song,2022-02-07T22:46:08,2021-08-19T10:58:53,Piece result management rate wide.
3a9f4f8f-57b2-4774-9a2d-f3bbe359a998,cover,2024-09-14T09:20:36,2024-01-22T10:56:43,To Democrat speak employee.
6b15be0c-9bdd-4769-bd9d-0d0e7307c670,public,2023-01-08T04:49:01,2023-09-04T16:54:22,Business full democratic debate idea statement shoulder.
2f856e05-3783-4745-a4be-96119ba2ed63,watch,2023-11-17T14:02:02,2021-05-28T06:57:54,Audience stage some positive.
f8ffa0bd-5907-4e18-a22d-2f9a6392bb95,fast,2020-05-07T03:44:12,2022-01-10T04:19:51,Hospital yes threat to.
774f3840-340e-4c46-844d-2a4edcda5897,player,2020-05-20T14:53:26,2022-12-26T16:32:59,Authority act will individual arm image.
5cc6ee93-8c8f-4bfd-91fb-ce13ed3ec595,knowledge,2022-03-27T05:44:48,2022-05-28T21:52:35,Environmental thing fast seek major.
7621eacc-89e3-479e-a7c6-2338d5c816c4,common,2024-08-21T22:30:27,2024-02-19T20:49:02,Fact performance mind skill hotel smile never.
f3a61e91-3e82-407e-9060-20ed621de3b6,term,2022-10-26T04:33:18,2024-04-14T23:53:41,Compare company minute pattern already use course.
7d46d0a1-933f-4ce5-846e-837c85d81659,law,2024-07-09T00:42:04,2023-08-03T06:39:50,Which room to sit majority water choice.
10ff0c55-c853-46c4-bd60-8be0f4db309b,must,2022-08-08T03:47:12,2024-07-31T22:30:16,Cause art peace short response care.
e0271945-2846-4a5b-b9bd-da977b7eced7,however,2022-06-16T07:39:50,2024-01-12T19:41:58,Community huge there compare general.
f7bfd2c4-a529-4691-b94a-ca1a64b58067,morning,2023-07-19T02:53:46,2021-08-17T22:34:14,Continue citizen if actually.
176dc52e-8959-4b7d-96aa-4fbf571bf886,hit,2022-08-01T21:43:40,2023-07-02T17:28:24,For reduce former matter I rule paper.
5e2dd7bd-83e4-4be2-b9a3-0fdebca7a33d,recognize,2021-12-22T18:18:58,2024-02-10T16:30:19,Camera imagine consumer play.
bd8b7e8a-ae51-4641-943f-c82da55e8fe6,message,2022-10-20T00:34:36,2022-05-01T16:05:29,Professional guess along house.
4762548d-18c4-43ca-b0a4-c226cea7fd34,daughter,2021-10-18T08:20:34,2021-04-24T06:35:36,Bed late tonight only technology go reveal.
cb9c80cd-c20e-4464-a182-a468f6c4ded0,choice,2021-10-26T12:16:49,2022-10-15T23:19:38,Reason industry chair they.
e5eb8d87-e425-4434-849b-e68ef1eec172,order,2024-03-24T10:00:54,2021-03-26T05:52:20,Standard prevent five exist air fire.
b1bd2b54-1176-4114-9d3f-f54b4279f5fd,something,2023-11-07T15:04:45,2023-12-24T23:15:49,Bag tough listen discover international.
3db166bf-20dc-4971-bb99-94e6105efc57,finally,2020-05-30T03:46:22,2020-04-24T17:53:28,Sense strong conference win window cup.
f90889c7-73a6-4eb1-abb8-553c7341b115,live,2024-01-02T13:38:39,2020-03-18T05:23:53,Give eat study add time.
26de1ea2-93d0-4235-bd0e-1ac59f172c1b,them,2022-06-09T01:12:33,2022-10-14T20:21:00,Measure western really should.
5f8221e0-a561-4ce6-8b31-0204db78b9c4,radio,2022-05-20T10:32:38,2023-03-21T02:53:26,Above quickly already sometimes would mean attention.
eb978b5e-e685-4198-8179-b9eafc3d977d,parent,2021-10-08T20:27:42,2022-03-10T18:27:34,Brother enjoy they school.
b5fd1738-623b-4351-9047-84f049933d67,style,2023-01-08T07:15:32,2022-09-05T11:41:46,Film have perhaps.
aeac4ec3-e73e-4067-98b2-56df120b1c56,onto,2024-03-21T03:01:43,2022-05-21T21:27:17,Box kid medical southern away seem capital.
af1a60d7-b8c7-4fd3-8785-fdbd945a8ea4,way,2022-05-07T06:29:19,2023-09-04T13:22:32,Allow fish everyone story.
55eea98f-46b5-4400-8d56-f45408239a2a,Democrat,2023-11-13T21:31:46,2023-08-15T09:27:36,Pay interesting anything.
5823f7a6-8471-4ad0-8a29-b4f722594a1b,miss,2023-11-04T15:00:39,2021-05-07T15:17:05,Certain dark trial.
7d1038df-64fb-430a-b1e7-f5d719ae3895,network,2022-04-13T18:20:53,2022-06-02T22:20:13,Human fire never but.
